,Research Interest Score,Citations,Recommendations,Reads,DOI,Authors,Title
0,9.4,14,0,"1,167",10.1371/journal.pone.0053510,"Inka Regine Weingaertner, Sarah Koutnik, Hermann Ammer",Chronic Morphine Treatment Attenuates Cell Growth of Human BT474 Breast Cancer Cells by Rearrangement of the ErbB Signalling Network
1,7.8,17,0,388,10.1371/journal.pone.0053940,"Jessica M. Esparza, Eileen O_¯_¿_oole, Linya Li, Thomas H. Giddings Jr., Benjamin Kozak, Alison J. Albee, Susan K. Dutcher",Katanin Localization Requires Triplet Microtubules in Chlamydomonas reinhardtii
2,53.7,104,0,226,10.1371/journal.pone.0057285,"Sreedevi Avasarala, Fangfang Zhang, Guangliang Liu, Ruixue Wang, Steven D. London, Lucille London",Curcumin Modulates the Inflammatory Response and Inhibits Subsequent Fibrosis in a Mouse Model of Viral- induced Acute Respiratory Distress Syndrome
3,45,84,0,323,10.1371/journal.pone.0062170,"Rounak Nassirpour, Pramod P. Mehta, Sangita M. Baxi, Min-Jean Yin ",miR-221 Promotes Tumorigenesis in Human Triple Negative Breast Cancer Cells
4,13.8,22,0,519,10.1371/journal.pone.0064904,"Jianuo Liu,  Peng Xu, Cory Collins, Han Liu, Jingdong Zhang, James P. Keblesh, Huangui Xiong",HIV-1 Tat Protein Increases Microglial Outward K+ Current and Resultant Neurotoxic Activity
5,10.5,23,0,250,10.1371/journal.pone.0063581,"Yang Wang, Shijie Sheng, Jianzhi Zhang, Sijana Dzinic, Shaolei Li, Fang Fang, Nan Wu, Qingfeng Zheng, Yue Yang",Elevated Maspin Expression Is Associated with Better Overall Survival in Esophageal Squamous Cell Carcinoma (ESCC)
6,6.7,16,0,266,10.1371/journal.pone.0070508,"Elizabeth Ngoc Hoa Tran, Matthew Thomas Doyle, Renato Morona",LPS Unmasking of Shigella flexneri Reveals Preferential Localisation of Tagged Outer Membrane Protease IcsP to Septa and New Poles
7,18.6,45,0,218,10.1371/journal.pone.0068296,"Fabio Sallustio, Grazia Serino, Vincenzo Costantino, Claudia Curci, Sharon N. Cox, Giuseppe DePalma, Francesco P. Schena","miR-1915 and miR-1225-5p Regulate the Expression of CD133, PAX2 and TLR2 in Adult Renal Progenitor Cells"
8,35.8,61,0,400,10.1371/journal.pone.0069485,"Jia Ma, Qing Zhang, Sulian Chen, Binbin Fang, Qingling Yang, Changjie Chen, Lucio Miele, Fazlul H. Sarkar, Jun Xia, Zhiwei Wang",Mitochondrial Dysfunction Promotes Breast Cancer Cell Migration and Invasion through HIF1a Accumulation via Increased Production of Reactive Oxygen Species
9,6.9,19,0,242,10.1371/journal.pone.0069583,"Yael Friedman-Levi, Michal Mizrahi, Kati Frid, Orli Binyamin, Ruth Gabizon ","PrPST, a Soluble, Protease Resistant and Truncated PrP Form Features in the Pathogenesis of a Genetic Prion Disease"
10,21,39,0,160,10.1371/journal.pone.0069592,"Yan Zhang, Lei Shan, Yaping Hua, Dan Wang, Huawu Zeng, Runhui Liu, Weidong Zhang, Zhenlin Hu",Baicalein Selectively Induces Apoptosis in Activated Lymphocytes and Ameliorates Concanavalin A-Induced Hepatitis in Mice
11,7.6,15,0,233,10.1371/journal.pone.0069134,"Zhongpu Chen, Xiaodong Pan, Yuyu Yao, Fengdi Yan, Long Chen, Rong Huang, Genshan Ma",Epigenetic Regulation of Cardiac Progenitor Cells Marker c-kit by Stromal Cell Derived Factor-1a
12,3.7,8,0,196,10.1371/journal.pone.0071127,"Akrem Abdulsid, Alexander Fletcher, Fiona Lyall",Heat Shock Protein 27 Is Spatially Distributed in the Human Placenta and Decreased during Labor
13,32.3,53,0,"1,082",10.1371/journal.pone.0084982,"Fang Liu, A. Jesse Gore, Julie L. Wilson, Murray Korc",DUSP1 Is a Novel Target for Enhancing Pancreatic Cancer Cell Sensitivity to Gemcitabine
14,10.4,18,0,273,10.1371/journal.pone.0086342,"Jagannath Misra, Dipanjan Chanda, Don-Kyu Kim, Seung-Rye Cho, Seung-Hoi Koo, Chul- Ho Lee, Sung Hoon Back, Hueng-Sik Choi",Orphan Nuclear Receptor Errc Induces C-Reactive Protein Gene Expression through Induction of ER-Bound Bzip Transmembrane Transcription Factor CREBH
15,32.1,56,0,564,10.1371/journal.pone.0087003,"Trent Fowler, Payel Ghatak, David H. Price, Ronald Conaway, Joan Conaway, Cheng-Ming Chiang, James E. Bradner, Ali Shilatifard, Ananda L. Roy",Regulation of MYC Expression and Differential JQ1 Sensitivity in Cancer Cells
16,24.1,40,0,406,10.1371/journal.pone.0089546,"Mojca Jez, Sakthikumar Ambady, Olga Kashpur, Alexandra Grella, Christopher Malcuit, Lucy Vilner, Primoz Rozman, Tanja Dominko",Expression and Differentiation between OCT4A and Its Pseudogenes in Human ESCs and Differentiated Adult Somatic Cells
17,20.4,36,0,229,10.1371/journal.pone.0090318,"Zhenni Zhang, Jianrui Lv, Xiaoming Lei, Siyuan Li, Yong Zhang, Lihua Meng, Rongliang Xue, Zongfang Li",Baicalein Reduces the Invasion of Glioma Cells via Reducing the Activity of p38 Signaling Pathway
18,19.1,38,0,225,10.1371/journal.pone.0092066,"Christophe Broca,  Elodie Varin, Mathieu Armanet, C_¯_¿_ile Tourrel-Cuzin, Domenico Bosco,  St_¯_¿_hane Dalle, Anne Wojtusciszyn",Proteasome Dysfunction Mediates High Glucose-Induced Apoptosis in Rodent Beta Cells and Human Islets
19,19.6,37,0,147,10.1371/journal.pone.0092305,"Sylwia Flis, Agnieszka Gnyszka, Krzysztof Flis",DNA Methyltransferase Inhibitors Improve the Effect of Chemotherapeutic Agents in SW48 and HT-29 Colorectal Cancer Cells
20,6.8,14,0,233,10.1371/journal.pone.0092626,"Takaharu Nakayoshi, Ken-ichiro Sasaki, Hidemi Kajimoto, Hiroshi Koiwaya, Masanori Ohtsuka, Takafumi Ueno, Hidetoshi Chibana, Naoki Itaya, Masahiro Sasaki, Shinji Yokoyama, Yoshihiro Fukumoto, Tsutomu Imaizumi",FOXO4-Knockdown Suppresses Oxidative Stress-Induced Apoptosis of Early Pro-Angiogenic Cells and Augments Their Neovascularization Capacities in Ischemic Limbs
21,11,29,1,227,10.1371/journal.pone.0090608,"Yuri Churin, Martin Roderfeld, Johannes Stiefel, Tilman Wu r_ ger, Dirk Schro __ er, Tomomitsu Matono, Hans-Joachim Mollenkopf, Roberta Montalbano, Malvika Pompaiah, Kurt Reifenberg5, Daniel Zahner, Matthias Ocker, Wolfram Gerlich, Dieter Glebe, Elke Roeb",Pathological Impact of Hepatitis B Virus Surface Proteins on the Liver Is Associated with the Host Genetic Background
22,9.2,11,0,344,10.1371/journal.pone.0094830,"Chuan Li, Cheng Wang, Lingxue Meng, Jiewen Xing, Tianya Wang, Hua Yang, Yingyin Yao, Huiru Peng, Zhaorong Hu, Qixin Sun, Zhongfu Ni",Ectopic Expression of a Maize Hybrid Down-Regulated Gene ZmARF25 Decreases Organ Size by Affecting Cellular Proliferation in Arabidopsis
23,7.8,10,0,305,10.1371/journal.pone.0095434,"Gail Doughton, Jun Wei, Nicolas Tapon, Melanie J. Welham, Andrew D. Chalmers",Formation of a Polarised Primitive Endoderm Layer in Embryoid Bodies Requires Fgfr/ Erk Signalling
24,7.3,9,0,196,10.1371/journal.pone.0092189,"Liliana O. Rocha, Sabina Moser Tralamazza, Gabriela M. Reis, Leon Rabinovitch, Cynara B. Barbosa, Benedito Corre_a",Multi-Method Approach for Characterizing the Interaction between Fusarium verticillioides and Bacillus thuringiensis Subsp. Kurstaki
25,8,16,0,127,10.1371/journal.pone.0094472,"Prabuddha Dey, Monami Chakraborty, Maulik R. Kamdar, Mrinal K. Maiti",Functional Characterization of Two Structurally Novel Diacylglycerol Acyltransferase2 Isozymes Responsible for the Enhanced Production of Stearate-Rich Storage Lipid in Candida tropicalis SY005
26,14.9,22,0,579,10.1371/journal.pone.0095926,"Xiaomei Ge, Yafei Zhang, Sungwon Park, Xiaofei Cong, David E. Gerrard, Honglin Jiang",Stac3 Inhibits Myoblast Differentiation into Myotubes
27,17.1,36,1,228,10.1371/journal.pone.0093995,"Xudong Shi, Daniel DiRenzo, Lian-Wang Guo, Sarah R. Franco, Bowen Wang, Stephen Seedial, K. Craig Kent",TGF-b/Smad3 Stimulates Stem Cell/Developmental Gene Expression and Vascular Smooth Muscle Cell De-Differentiation
28,5,7,0,154,10.1371/journal.pone.0093563,"Yushen Jiang, Tang Jiang, Juan Ouyang, Qingsong Zhou, Yanlan Liang, Yingpeng Cui, Peisong Chen, Bin Huang",Cell Atavistic Transition: Paired Box 2 Re-Expression Occurs in Mature Tubular Epithelial Cells during Acute Kidney Injury and Is Regulated by Angiotensin II
29,13.4,20,0,468,10.1371/journal.pone.0096343,"Ambrish Kumar, Daping Fan, Donald J. DiPette, Ugra S. Singh","Sparstolonin B, a Novel Plant Derived Compound, Arrests Cell Cycle and Induces Apoptosis in N-Myc Amplified and N-Myc Nonamplified Neuroblastoma Cells"
30,22.1,40,0,321,10.1371/journal.pone.0099137,"Bo Gao, Qiang Huang, Yan-Shui Lin, Bo-Yuan Wei, Yun-Shan Guo, Zhen Sun, Long Wang, Jing Fan, Hong-Yang Zhang, Yue-Hu Han, Xiao-Jie Li, Jun Shi, Jian Liu, Liu Yang, Zhuo-Jing Luo",Dose-Dependent Effect of Estrogen Suppresses the Osteo-Adipogenic Transdifferentiation of Osteoblasts via Canonical Wnt Signaling Pathway
31,12.5,20,0,339,10.1371/journal.pone.0098448,"Yang Liu, Yuanyuan Liu, Chao Sun, Lu Gan, Luwei Zhang, Aihong Mao, Yuting Du, Rong Zhou, Hong Zhang",Carbon Ion Radiation Inhibits Glioma and Endothelial Cell Migration Induced by Secreted VEGF
32,14.5,22,1,228,10.1371/journal.pone.0105049,"Manasa K. Nayak, Ayusman Dash, Nitesh Singh, Debabrata Dash",Aspirin Delimits Platelet Life Span by Proteasomal Inhibition
33,13.1,13,0,553,10.1371/journal.pone.0103868,"Wasia Rizwani, Aneesa Fasim, Deepshikha Sharma, Divya J. Reddy, Nabil A. M. Bin Omar, Surya S. Singh",S137 Phosphorylation of Profilin 1 Is an Important Signaling Event in Breast Cancer Progression
34,35.3,69,0,947,10.1371/journal.pbio.1001847,"Shiuan Wang, Kai Li Tan, Melina A. Agosto, Bo Xiong, Shinya Yamamoto, Hector Sandoval, Manish Jaiswal, Vafa Bayat, Ke Zhang, Wu-Lin Charng, Gabriela David, Lita Duraine, Kartik Venkatachalam, Theodore G. Wensel, Hugo J. Bellen",The Retromer Complex Is Required for Rhodopsin Recycling and Its Loss Leads to Photoreceptor Degeneration
35,9,9,0,318,10.1371/journal.pgen.1003361,"Apiruck Watthanasurorot, Netnapa Saelee, Amornrat Phongdara, Sittiruk Roytrakul, Pikul Jiravanichpaisal, Kenneth So_derh_¯_¿_l, Irene S_¯_¿_erh_¯_¿_lGab",Astakine 2_¯_¿_he Dark Knight Linking Melatonin to Circadian Regulation in Crustaceans
36,25.6,48,0,247,10.1371/journal.pgen.1003094,"Dawn E. Watkins-Chow, Joanna Cooke, Ruth Pidsley, Andrew Edwards, Rebecca Slotkin, Karen E. Leeds, Raymond Mullen, Laura L. Baxter, Thomas G. Campbell, Marion C. Salzer, Laura Biondini, Gretchen Gibney, Franc _oise Phan Dinh Tuy, Jamel Chelly, H. Douglas Morris, Johannes Riegler, Mark F. Lythgoe, Ruth M. Arkell, Fabrizio Loreni, Jonathan Flint, William J. Pavan, David A. Keays",Mutation of the Diamond-Blackfan Anemia Gene Rps7 in Mouse Results in Morphological and Neuroanatomical Phenotypes
37,15.6,33,0,338,10.1371/journal.pgen.1004121,"Erica P. Homan, Caressa Lietman, Ingo Grafe, Jennifer Lennington, Roy Morello, Dobrawa Napierala, Ming-Ming Jiang, Elda M. Munivez, Brian Dawson, Terry K. Bertin, Yuqing Chen, Rhonald Lua, Olivier Lichtarge, John Hicks, Mary Ann Weis, David Eyre, Brendan H. L. Lee",Differential Effects of Collagen Prolyl 3-Hydroxylation on Skeletal Tissues
38,6.4,16,0,132,10.1371/journal.pgen.1004480,"Natalia Lopez-del Hoyo, Santiago Lopez-Begines, Jose Luis Rosa, Jeannie Chen, Ana Mendez",Functional EF-Hands in Neuronal Calcium Sensor GCAP2 Determine Its Phosphorylation State and Subcellular Distribution In Vivo and Are Essential for Photoreceptor Cell Integrity
39,10.6,21,0,126,10.1371/journal.ppat.1003576,"Cathleen D. Valentine, Marc O. Anderson, Feroz R. Papa, Peter M. Haggie",X-Box Binding Protein 1 (XBP1s) Is a Critical Determinant of Pseudomonas aeruginosa Homoserine Lactone-Mediated Apoptosis
40,37.6,75,0,263,10.1371/journal.ppat.1003114,"Shipan Dai, Murugesan V. S. Rajaram, Heather M. Curry, Rachel Leander, Larry S. Schlesinger",Fine Tuning Inflammation at the Front Door: Macrophage Complement Receptor 3-mediates Phagocytosis and Immune Suppression for Francisella tularensis
41,52.5,104,1,359,10.1371/journal.ppat.1003445,"Vicente Ram_¯_¿_ez,  Ana L_¯_¿_ez, Brigitte Mauch-Mani, Ma Jos_¯_¿ Gil, Pablo Vera_",An Extracellular Subtilase Switch for Immune Priming in Arabidopsis
42,35.4,96,0,351,10.1371/journal.ppat.1003845,"Haitao Wei, Song Wang, Qinghuang Chen, Yuhai Chen, Xiaojuan Chi, Lianfeng Zhang, Shile Huang, George F. Gao, Ji-Long Chen",Suppression of Interferon Lambda Signaling by SOCS-1 Results in Their Excessive Production during Influenza Virus Infection
43,26.8,58,0,374,10.1371/journal.ppat.1003896,"Meleri Jones, Inga R. Dry, Dan Frampton, Manuraj Singh, Ravinder K. Kanda, Michael B. Yee, Paul Kellam, Michael Hollinshead, Paul R. Kinchington, Edel A. O_¯_¿_oole, Judith Breuer ",RNA-seq Analysis of Host and Viral Gene Expression Highlights Interaction between Varicella Zoster Virus and Keratinocyte Differentiation
44,18.2,34,0,235,10.1371/journal.ppat.1004059,"Miti Jearaphunt, Chadanat Noonin, Pikul Jiravanichpaisal, Seiko Nakamura, Anchalee Tassanakajon, Irene So_derh_¯_¿_l, Kenneth S_¯_¿_erh_¯_¿_lati",Caspase-1-Like Regulation of the proPO-System and Role of ppA and Caspase-1-Like Cleaved Peptides from proPO in Innate Immunity
45,25.4,66,0,324,10.1371/journal.ppat.1003981,"Niyas Kudukkil Pulloor, Sajith Nair, Aleksandar D. Kostic, Pradeep Bist, Jeremy D. Weaver, Andrew M. Riley, Richa Tyagi, Pradeep D. Uchil, John D. York, Solomon H. Snyder, Adolfo Garc_¯_¿__a-Sastre, Barry V. L. Potter, Rongtuan Lin, Stephen B. Shears, Ramnik J. Xavier, Manoj N. Krishnan",Human Genome-Wide RNAi Screen Identifies an Essential Role for Inositol Pyrophosphates in Type-I Interferon Response
46,26.1,65,0,130,10.1371/journal.ppat.1004195,"Verity G. Kew, Jinxiang Yuan, Jeffery Meier, Matthew B. Reeves",Mitogen and Stress Activated Kinases Act Co-operatively with CREB during the Induction of Human Cytomegalovirus Immediate-Early Gene Expression from Latency
47,14.9,37,3,332,10.1371/journal.pntd.0002890,"Michelle Khai Khun Yap, Nget Hong Tan, Si Mui Sim, Shin Yee Fung, Choo Hock Tan",Pharmacokinetics of Naja sumatrana (Equatorial Spitting Cobra) Venom and Its Major Toxins in Experimentally Envenomed Rabbits
48,17.3,47,0,184,10.1128/mBio.00275-11,"Jianming Chen, Julian I. Rood, and Bruce A. McClane",Epsilon-Toxin Production by Clostridium perfringens Type D Strain CN3718 Is Dependent upon the agr Operon but Not the VirS/VirR Two-Component Regulatory System
49,41.3,90,1,285,10.1128/mBio.00495-12,"Doblin Sandai, Yin Zhikang, Laura Selway, David Stead, Janet Walker, Michelle D. Leach, Iryna Bohovych, Iuliana V. Ene, Stavroula Kastora, Susan Budge, Carol A. Munro, Frank C. Odds, Neil A. R. Gow, and Alistair J. P. Brown",The Evolutionary Rewiring of Ubiquitination Targets Has Reprogrammed the Regulation of Carbon Assimilation in the Pathogenic Yeast Candida albicans
50,16,26,0,409,10.1128/mBio.00252-13,"Anusha M. Gopalakrishnan, and Nirbhay Kumar",Opposing Roles for Two Molecular Forms of Replication Protein A in Rad51-Rad54-Mediated DNA Recombination in Plasmodium falciparum
51,missing,missing,missing,missing,PMID: 8675338,"Christopher W. Cutler, Paul I. Eke, Caroline A. Genco, Thomas E. Van Dyke, and Roland R. Arnold",Hemin-Induced Modifications of the Antigenicity and Hemin-Binding Capacity of Porphyromonas gingivalis Lipopolysaccharide
52,missing,missing,missing,missing,PMID: 9864199,"Brenda A. Wilson, Virgilio G. Ponferrada, Jefferson E. Vallence, and Mengfei Ho",Localization of the Intracellular Activity Domain of Pasteurella multocida Toxin to the N Terminus
53,43.3,96,0,550,10.1128/IAI.68.1.72-79.2000,"S. Jeyaseelan, S.L. Hsuan, M.S. Kannan, B. Walcheck, J.F. Wang, M.E. Kehrli, E.T. Lally, G.C. Sieck, and S.K. Maheswaran",Lymphocyte Function-Associated Antigen 1 Is a Receptor for Pasteurella haemolytica Leukotoxin in Bovine Leukocytes
54,missing,missing,missing,missing,10.1128/IAI.69.10.6131_¯_¿6139.2001,"S. Jeyaseelan, M.S. Kannan, R.E. Briggs, P. Thumbikat, and S.K. Maheswaran","Mannheimia haemolytica Leukotoxin Activates a Nonreceptor Tyrosine Kinase Signaling Cascade in Bovine Leukocytes, Which Induces Biological Effects"
55,16.3,33,0,374,10.1128/IAI.71.2.948-955.2003,"Nobuo Okahashi, Atsuo Sakurai, Ichiro Nakagawa, Taku Fujiwara, Shigetada Kawabata, Atsuo Amano, and Shigeyuki Hamada",Infection by Streptococcus pyogenes Induces the Receptor Activator of NF-__B Ligand Expression in Mouse Osteoblastic Cells
56,missing,missing,missing,missing,10.1128/IAI.71.2.766_¯_¿773.2003,"Stephanie Dahan, Guillaume Dalmasso, Veronique Imbert, Jean-Francois Peyron, Patrick Rampal, and Dorota Czerucka",Saccharomyces boulardii Interferes with Enterohemorrhagic Escherichia coli-Induced Signaling Pathways in T84 Cells
57,missing,missing,missing,missing,10.1128/IAI.71.3.1209_¯_¿1216.2003,"Laura W. Schrum, Ian Marriott, Betsy R. Butler, Elaine K. Thomas, Michael C. Hudson, and Kenneth L. Bost",Functional CD40 Expression Induced following Bacterial Infection of Mouse and Human Osteoblast
58,74.5,150,0,114,10.1128/IAI.72.3.1223-1229.2004,"Sen Rong Yan, Gefei Qing, David M. Byers, Andrew W. Stadnyk, Walla Al-Hertani, and Robert Bortolussi",Role of MyD88 in Diminished Tumor Necrosis Factor Alpha Production by Newborn Mononuclear Cells in Response to Lipopolysaccharide
59,19,39,0,81,10.1128/IAI.73.3.1386-1398.2005,"Peter L. W. Yun, Arthur A. Decarlo, Cheryl C. Chapple, and Neil Hunter",Functional Implication of the Hydrolysis of Platelet Endothelial Cell Adhesion Molecule 1 (CD31) by Gingipains of Porphyromonas gingivalis for the Pathology of Periodontal Disease
60,missing,missing,missing,missing,10.1128/IAI.73.3.1754_¯_¿1763.2005,"Samithamby Jeyaseelan, Hong Wei Chu, Scott K. Young, Mason W. Freeman, and G. Scott Worthen",Distinct Roles of Pattern Recognition Receptors CD14 and Toll-Like Receptor 4 in Acute Lung Injury
61,43.3,89,0,130,10.1128/IAI.74.2.1148-1155.2006,"Ellen J. Beswick, Irina V. Pinchuk, Kyle Minch, Giovanni Suarez, Johanna C. Sierra, Yoshio Yamaoka, and Victor E. Reyes",The Helicobacter pylori Urease B Subunit Binds to CD74 on Gastric Epithelial Cells and Induces NF-__B Activation and Interleukin-8 Production
62,22.3,56,0,196,10.1128/IAI.01192-08,"Catherine J. Hunter, Monica Williams, Mikael Petrosyan, Yigit Guner, Rahul Mittal, Dennis Mock, Jeffrey S. Upperman, Henri R. Ford, and Nemani V. Prasadarao",Lactobacillus bulgaricus Prevents Intestinal Epithelial Cell Injury Caused by Enterobacter sakazakii-Induced Nitric Oxide both In Vitro and in the Newborn Rat Model of Necrotizing Enterocolitis__
63,44.2,97,0,111,10.1128/IAI.00913-08,"Suleyman Felek, and Eric S. Krukonis",The Yersinia pestis Ail Protein Mediates Binding and Yop Delivery to Host Cells Required for Plague Virulence__
64,10.6,23,0,328,10.1128/IAI.00156-09,"Paola Massari, Jay Gunawardana, Xiuping Liu, and Lee M. Wetzler",Meningococcal Porin PorB Prevents Cellular Apoptosis in a Toll-Like Receptor 2- and NF-__B-Independent Manner__
65,6.1,15,0,123,10.1128/IAI.00956-09,"Min-Hee Cho, Hae-Jeong Ahn, Hyun-Joon Ha, Jungchan Park, Jeong-Hoon Chun, Bong-Su Kim, Hee-Bok Oh, and Gi-eun Rhie",Bacillus anthracis Capsule Activates Caspase-1 and Induces Interleukin-1__ Release from differentiated THP-1 and Human Monocyte-Derived Dendritic Cells__
66,5.7,12,0,78,10.1128/IAI.01203-10,"Yuan Du, Tomomi Hashizume, Tomoko Kurita-Ochiai, Satoshi Yuzawa, Yoshimitsu Abiko, and Masafumi Yamamoto",Nasal Immunization with a Fusion Protein Consisting of the Hemagglutinin A Antigenic Region and the Maltose-Binding Protein Elicits CD11c__ CD8__ Dendritic Cells for Induced Long-Term Protective Immunity__
67,32.1,74,0,197,10.1128/IAI.00805-10,"Eva Hervet, Xavier Charpentier, Anne Vianney, Jean-Claude Lazzaroni, Christophe Gilbert, Daniele Atlan, and Patricia Doublet",Protein Kinase LegK2 Is a Type IV Secretion System Effector Involved in Endoplasmic Reticulum Recruitment and Intracellular Replication of Legionella pneumophila__
68,9.3,16,0,262,10.1128/IAI.00206-12,"Asim A. Siddiqui, Jia Xainli, Jesse Schloegel, Lenore Carias, Francis Ntumngia, Menachem Shoham, Joanne L. Casey, Michael Foley, John H. Adams, and Christopher L. King",Fine Specificity of Plasmodium vivax Duffy Binding Protein Binding Engagement of the Duffy Antigen on Human Erythrocytes
69,16.6,28,0,280,10.1128/IAI.06230-11,"Balamayooran Theivanthiran, Sanjay Batra, Gayathriy Balamayooran, Shanshan Cai, Koichi Kobayashi, Richard A. Flavell, and Samithamby Jeyaseelan",NOD2 Signaling Contributes to Host Defense in the Lungs against Escherichia coli Infection
70,21.7,53,0,270,10.1128/IAI.00013-12,"Javier Santander, Greg Golden, Soo-Young Wanda, and Roy Curtiss III",Fur-Regulated Iron Uptake System of Edwardsiella ictaluri and Its Influence on Pathogenesis and Immunogenicity in the Catfish Host
71,10.6,24,0,130,10.1128/IAI.05798-11,"Kaitlyn Morse, Junzo Norimine, Guy H. Palmer, Eric L. Sutten, Timothy V. Baszler, and Wendy C. Brown","Association and Evidence for Linked Recognition of Type IV Secretion System Proteins VirB9-1, VirB9-2 and VirB10 in Anaplasma marginale"
72,15.4,35,0,224,10.1128/IAI.06056-11,"Wael Abdel Halim Hegazy, Xin Xu, Leonid Metelitsa, and Michael Hensel",Evaluation of Salmonella enterica Type III Secretion System Effector Proteins as Carriers for Heterologous Vaccine Antigens
73,10.2,40,0,68,10.1128/IAI.00063-12,"Yun Sun, Wen-Jiang Zheng, Yong-Hua Hu, Bo-Guang Sun, and Li Sun","Edwardsiella tarda Eta1, an In Vivo-Induced Antigen That Is Involved in Host Infection"
74,26.4,52,0,289,10.1128/IAI.01165-12,"Carlos J. Blondel, Juan C. Jime_nez, Lorenzo E. Leiva, Sergio A. _¯_¿_varez, Bernardo I. Pinto, Francisca Contreras, David Pezoa, Carlos A. Santiviago, and In_¯_¿_ Contrerasnd",The Type VI Secretion System Encoded in Salmonella Pathogenicity Island 19 Is Required for Salmonella enterica Serotype Gallinarum Survival within Infected Macrophages
75,28.2,44,0,666,10.1128/IAI.01008-13,"Kelei Zhao, Xin Deng, Chuan He, Bisong Yue, and Min Wu",Pseudomonas aeruginosa Outer Membrane Vesicles Modulate Host Immune Responses by Targeting the Toll-Like Receptor 4 Signaling Pathway
76,9.3,18,0,140,10.1128/IAI.00552-13,"Whitney M. Amyot, Dennise deJesus, and Ralph R. Isberg ",Poison Domains Block Transit of Translocated Substrates via the Legionella pneumophila Icm/Dot System
77,11.9,23,0,242,10.1128/IAI.00539-13,"Xianqiong Zou, Brent S. Sorenson, Karen F. Ross, and Mark C. Herzberg",Augmentation of Epithelial Resistance to Invading Bacteria by Using mRNA Transfections
78,37.5,69,0,596,10.1128/IAI.06295-11,"Xiucai Xu, Tingting Liu, Aimei Zhang, Xingxing Huo, Qingli Luo, Zhaowu Chen, Li Yu, Qing Li, Lili Liu, Zhao-rong Lun, and Jilong Shen","Reactive Oxygen Species-Triggered Trophoblast Apoptosis Is Initiated by Endoplasmic Reticulum Stress via Activation of Caspase-12, CHOP and the JNK Pathway in Toxoplasma gondii Infection in Mice"
79,26.9,61,0,138,10.1128/IAI.01769-14,"Jiale Ma, Yinli Bao, Min Sun, Wenyang Dong, Zihao Pan, Wei Zhang, Chengping Lu, Huochun Yao",Two Functional Type VI Secretion Systems in Avian Pathogenic Escherichia coli Are Involved in Different Pathogenic Pathways
80,missing,missing,missing,missing,PMID: 9620397,"N. Zhi, N. Ohashi, Y. Rikihisa, H. W. Horowitz, G. P. Wormser, and K. Hechemy",Cloning and Expression of the 44-Kilodalton Major Outer Membrane Protein Gene of the Human Granulocytic Ehrlichiosis Agent and Application of the Recombinant Protein to Serodiagnosis
81,56,137,0,166,10.1128/JCM.41.8.3584-3591.2003,"Michael Waters, Amanda Savoie, Helen S. Garmory, Dawn Bueschel, Michel R. Popoff, J. Glenn Songer, Richard W. Titball, Bruce A. McClane, and Mahfuzur R. Sarker",Genotyping and Phenotyping of Beta2-Toxigenic Clostridium perfringens Fecal Isolates Associated with Gastrointestinal Diseases in Piglets
82,25.6,51,0,163,10.1128/JCM.41.6.2341-2347.2003,"Sou-Ichi Makino, Toru Tobe, Hiroshi Asakura, Masahisa Watarai, Testuya Ikeda, Koichi Takeshi, and Chihiro Sasakawa",Distribution of the Secondary Type III Secretion System Locus Found in Enterohemorrhagic Escherichia coli O157:H7 Isolates among Shiga Toxin-Producing E. coli Strains
83,9.4,23,0,83,10.1128/JCM.42.2.665-669.2004,"Chung-ming Chu, Patrick C. Y. Woo, Ken T. K. Chong, Wah-shing Leung, Veronica L. Chan, and Kwok-yung Yuen",Association of Presence of Aspergillus Antibodies with Hemoptysis in Patients with Old Tuberculosis or Bronchiectasis but No Radiologically Visible Mycetoma
84,36.8,81,1,524,10.1128/JCM.42.12.5885-5888.2004,"Patrick C. Y. Woo, Susanna K. P. Lau, Beatrice H. L. Wong, Kwok-Hung Chan, Wai-Ting Hui, Grace S. W. Kwan, J. S. Malik Peiris, Robert B. Couch, and Kwok-Yung Yuen",False-Positive Results in a Recombinant Severe Acute Respiratory Syndrome-Associated Coronavirus (SARS-CoV) Nucleocapsid Enzyme-Linked Immunosorbent Assay Due to HCoV-OC43 and HCoV-229E Rectified by Western Blotting with Recombinant SARS-CoV Spike Polypeptide
85,18.3,59,0,97,10.1128/JCM.42.3.1082-1088.2004,"Wulamu Mamuti, Hiroshi Yamasaki, Yasuhito Sako, Minoru Nakao, Ning Xiao, Kazuhiro Nakaya, Naoki Sato, Dominique A. Vuitton, Renaud Piarroux, Marshall W. Lightowlers, Philip S. Craig, and Akira Ito","Molecular Cloning, Expression and Serological Evaluation of an 8-Kilodalton Subunit of Antigen B from Echinococcus multilocularis"
86,3.5,7,0,94,10.1128/JCM.43.7.3512-3515.2005,"Jean-Philippe Lavigne, He_l_¯_¿_e Marchandin, Nicole Bouziges, and Albert SottoS",First Infection with VanD-Type Glycopeptide-Resistant Enterococcus faecium in Europe
87,19.6,42,0,142,10.1128/JCM.43.8.4002-4009.2005,"Michael Waters, Deepa Raju, Helen S. Garmory, Michel R. Popoff, and Mahfuzur R. Sarker",Regulated Expression of the Beta2-Toxin Gene ( cpb2) in Clostridium perfringens Type A Isolates from Horses with Gastrointestinal Diseases
88,71.5,147,0,137,10.1128/JCM.00418-06,"Ana Mena, Virginia Plasencia, Laura Garci_a, Olga Hidalgo, Jos_¯_¿ Ignacio Ayestar_¯_¿_, Sebasti_¯_¿_ Alberti, Nuria Borrell, Jos_¯_¿ L. P_¯_¿_ez, and Antonio OliverW. Li",Characterization of a Large Outbreak by CTX-M-1-Producing Klebsiella pneumoniae and Mechanisms Leading to In Vivo Carbapenem Resistance Development
89,11.9,23,0,121,10.1128/JCM.44.3.772-776.2006,"Henry E. Cerny, Douglas G. Rogers, Jeffrey T. Gray, David R. Smith, and Susanne Hinkley","Effects of Moraxella (Branhamella) ovis Culture Filtrates on Bovine Erythrocytes, Peripheral Mononuclear Cells and Corneal Epithelial Cells"
90,46.3,94,0,201,10.1128/JCM.00001-09,"Suharni Mohamad, Norhaida Che Azmi, and Rahmah Noordin","Development and Evaluation of a Sensitive and Specific Assay for Diagnosis of Human Toxocariasis by Use of Three Recombinant Antigens (TES-26, TES-30USM and TES-120)"
91,19.8,20,0,"1,124",10.1155/2013/308130,"Adis Tasanarong, Supranee Kongkham, and Sookkasem Khositseth",Dual Inhibiting Senescence and Epithelial-to-Mesenchymal Transition by Erythropoietin Preserve Tubular Epithelial Cell Regeneration and Ameliorate Renal Fibrosis in Unilateral Ureteral Obstruction
92,9.9,21,0,263,10.1155/2013/582526,"Anahita Rahmani, Danial Kheradmand, Peyman Keyhanvar, Alireza Shoae-Hassani, and Amir Darbandi-Azar",Neurogenesis and Increase in Differentiated Neural Cell Survival via Phosphorylation of Akt1 after Fluoxetine Treatment of Stem Cells
93,18.6,34,0,178,10.1155/2013/358945,"Gurbet Celik, Asli Semiz, Serdar Karakurt, Sevki Arslan, Orhan Adali, and Alaattin Sen",A Comparative Study for the Evaluation of Two Doses of Ellagic Acid on Hepatic Drug Metabolizing and Antioxidant Enzymes in the Rat
94,21.4,35,0,472,10.1155/2013/210604,"Young-Man Lee, Q-Schick Auh, Deok-Won Lee, Jun-Yeol Kim, Ha-Jin Jung, Seung-Ho Lee, and Eun-Cheol Kim",Involvement of Nrf2-Mediated Upregulation of Heme Oxygenase-1 in Mollugin-Induced Growth Inhibition and Apoptosis in Human Oral Cancer Cells
95,3.4,7,0,136,10.1155/2014/272101,"Chih-Zen Chang, Shu-Chuan Wu, and Aij-Lie Kwan","Magnesium Lithospermate B, an Active Extract of Salvia miltiorrhiza, Mediates sGC/cGMP/PKG Translocation in Experimental Vasospasm"
96,6.1,15,0,169,10.1155/2014/424767,"Jaeson Santos Calla-Choque, Elisa Elvira Figueroa-Angulo, Leticia A_vila-Gonz_¯_¿_ez, and Rossana Arroyoi",__-Actinin TvACTN3 of Trichomonas vaginalis Is an RNA-Binding Protein That Could Participate in Its Posttranscriptional Iron Regulatory Mechanism
97,8.6,17,0,120,10.1155/2014/164391,"Li Han, Yafeng Wang, Xiaojuan Guo, Yubing Zhou, Jingmin Zhang, Ning Wang, Jinhua Jiang, Fang Ma, and Qingduan Wang",Downregulation of MDR1 Gene by Cepharanthine Hydrochloride Is Related to the Activation of c-Jun/JNK in K562/ADR Cells
98,7.2,11,1,165,10.1155/2014/936978,"Silvana Lorena Della Penna, Gabriel Cao, Andrea Carranza, Elsa Zotta, Susana Gorzalczany, Carolina Susana Cerrudo, Natalia Luci_a Rukavina Mikusic, Alicia Correa, Ver_¯_¿_ica Trida, Jorge Eduardo Toblli, Mar_¯_¿_ In_¯_¿_ Ros_¯_¿_, and Belisario Enrique Fern_¯_¿_dezlypep",Renal Overexpression of Atrial Natriuretic Peptide and Hypoxia Inducible Factor-1__ as Adaptive Response to a High Salt Diet
99,14.9,38,0,290,10.1155/2011/507920,"Mao-Lin Ho, Yih-Shou Hsieh, Jia-Yuh Chen, Kuo-Shuen Chen, Jia-Jing Chen, Wu-Hsien Kuo, Shu-Jiuan Lin, and Pei-Ni Chen",Antimetastatic Potentials of Dioscorea nipponica on Melanoma In Vitro and In Vivo
100,17.2,39,0,200,10.1155/2012/595292,"Chao-Bin Yeh, Ming-Ju Hsieh, Yih-Shou Hsieh, Ming-Hsien Chien, Pen-Yuan Lin, Hui-Ling Chiou, and Shun-Fa Yang",Terminalia catappa Exerts Antimetastatic Effects on Hepatocellular Carcinoma through Transcriptional Inhibition of Matrix Metalloproteinase-9 by Modulating NF-_B and AP-1 Activity
101,24.9,50,0,439,10.1155/2012/378415,"Ying-Yi Chen, Fon-Chang Liu, Pei-Yu Chou, Yi-Chung Chien, Wun-Shaing Wayne Chang, Guang-Jhong Huang, Chieh-Hsi Wu, and Ming-Jyh Sheu","Ethanol Extracts of Fruiting Bodies of Antrodia cinnamomea Suppress CL1-5 Human Lung Adenocarcinoma Cells Migration by Inhibiting Matrix Metalloproteinase-2/9 through ERK, JNK, p38 and PI3K/Akt Signaling Pathways"
102,24.3,49,0,124,10.1155/2012/732578,"Chih-Yu Peng, Hui-Wen Yang, Yin-Hung Chu, Yu-Chao Chang, Ming-Ju Hsieh, Ming-Yung Chou, Kun-Tu Yeh, Yueh-Min Lin, Shun-Fa Yang, and Chiao-Wen Lin",Caffeic Acid Phenethyl Ester Inhibits Oral Cancer Cell Metastasis by Regulating Matrix Metalloproteinase-2 and the Mitogen-Activated Protein Kinase Pathway
103,9.3,15,0,262,10.1155/2013/594906,"Chiung-Chyi Shen, Yi-Chin Yang, Ming-Tsang Chiao, Shiuh-Chuan Chan, and Bai-Shuan Liu",Low-Level Laser Stimulation on Adipose-Tissue-Derived Stem Cell Treatments for Focal Cerebral Ischemia in Rats
104,21.8,44,0,225,10.1155/2013/467245,"Li Li, Ji-kun Du, Li-yi Zou, Tie Wu, Yong-woo Lee, and Yong-ho Kim",Decursin Isolated from Angelica gigas Nakai Rescues PC12 Cells from Amyloid __-Protein-Induced Neurotoxicity through Nrf2-Mediated Upregulation of Heme Oxygenase-1: Potential Roles of MAPK
105,17.6,24,0,817,10.1155/2013/938081,"Nabilatul Hani Mohd-Radzman, Wan Iryani Wan Ismail, Siti Safura Jaapar, Zainah Adam, and Aishah Adam",Stevioside from Stevia rebaudiana Bertoni Increases Insulin Sensitivity in 3T3-L1 Adipocytes
106,2.9,8,0,247,10.1155/2014/640857,"Zhiqiang Wang, Baofang Jin, Xindong Zhang, Yugui Cui, Dalin Sun, and Chao Gao",Yangjing Capsule Extract Promotes Proliferation of GC-1 Spg Cells
107,11.7,24,0,289,10.1155/2014/989340,"Ya-min Zhang, Hong Xu, Hua Sun, Su-hui Chen, and Fu-ming Wang",Electroacupuncture Treatment Improves Neurological Function Associated with Regulation of Tight Junction Proteins in Rats with Cerebral Ischemia Reperfusion Injury
108,19.4,39,0,158,10.1002/ijc.27989,"Lilian Amrein, May Shawi, Jeremy Grenier, Raquel Aloyz, and Lawrence Panasci",The phosphatidylinositol-3 kinase I inhibitor BKM120 induces cell death in B-chronic lymphocytic leukemia cells in vitro
109,13.5,36,0,113,10.1002/ijc.28032,"Gong Yang, Imelda Mercado-Uribe, Asha S. Multani, Subrata Sen, Ie-Ming Shih, Kwong-Kwok Wong, David M. Gershenson, and Jinsong Liu",RAS promotes tumorigenesis through genomic instability induced by imbalanced expression of Aurora-A and BRCA2 in midbody during cytokinesis
110,14.9,39,0,208,10.1002/ijc.28289,"Sujit K. Bhutia, Swadesh K. Das, Belal Azab, Mitchell E. Menezes, Paul Dent, Xiang-Yang Wang, Devanand Sarkar, and Paul B. Fisher",Targeting breast cancer-initiating/stem cells with melanoma differentiation-associated gene-7/interleukin-24
111,25.1,51,0,101,10.1002/ijc.28001,"Upal K. Basu Roy, Rebecca S. Henkhaus, Fotios Loupakis, Chiara Cremolini, Eugene W. Gerner, and Natalia A. Ignatenko",Caveolin-1 is a novel regulator of K-RAS-dependent migration in colon carcinogenesis
112,15.9,34,0,109,10.1002/ijc.28280,"Teresa Lorenzi, Maria Lorenzi, Emma Altobelli, Daniela Marzioni, Emanuela Mensa__, Alexia Quaranta, Francesca Paolinelli, Manrico Morroni, Roberta Mazzucchelli, Antonio De Luca, Antonio Domenico Procopio, Alfonso Baldi, Giovanni Muzzonigro, Rodolfo Montironi, and Mario Castellucci",HtrA1 in human urothelial bladder cancer: A secreted protein and a potential novel biomarker
113,16.5,36,0,96,10.1002/ijc.27627,"Jing Huang, Xianghua Ye, Jian Guan, Bin Chen, Qisheng Li, Xiaokang Zheng, Laiyu Liu, Shuang Wang, Yanqing Ding, Yi Ding, and Longhua Chen",Tiam1 is associated with hepatocellular carcinoma metastasis
114,18.3,42,0,57,10.1002/ijc.27863,"Emanuela Rosati, Rita Sabatini, Filomena De Falco, Beatrice Del Papa, Franca Falzetti, Mauro Di Ianni, Laura Cavalli, Katia Fettucciari, Andrea Bartoli, Isabella Screpanti, and Pierfrancesco Marconi","c-Secretase inhibitor I induces apoptosis in chronic lymphocytic leukemia cells by proteasome inhibition, endoplasmic reticulum stress increase and Notch down-regulation"
115,13.3,36,0,110,10.1002/ijc.27730,"Gayathri Chadalapaka, Indira Jutooru, Sandeep Sreevalsan, Satya Pathi, Kyounghyun Kim, Candy Chen, Lisa Crose, Corinne Linardic, and Stephen Safe",Inhibition of rhabdomyosarcoma cell and tumor growth by targeting specificity protein (Sp) transcription factors
116,7.9,16,0,105,10.1002/ijc.27927,"Baoyi Zhu, Xiaojuan Li, Yuying Zhang, Chunwei Ye, Yu Wang, Songwang Cai, Huaiqiu Huang, Yi Cai, Shuyuan Yeh, Zhenhua Huang, Ruihan Chen, Yiran Tao, and Xingqiao Wen",Cross-talk of alpha tocopherol-associated protein and JNK controls the oxidative stress-induced apoptosis in prostate cancer cells
117,13.8,31,0,54,10.1002/ijc.27917,"Jing Hu, Holly Deng, and Eileen A. Friedman","Ovarian cancer cells, not normal cells, are damaged by Mirk/Dyrk1B kinase inhibition"
118,16.9,12,0,603,10.1111/j.1365-2672.2010.04795.x,"R. van Gelderen, J. Carson, N. Gudkovs, and B. Nowak",Physical characterisation of Tenacibaculum maritimum for vaccine development
119,42.1,105,0,106,10.1111/j.1462-2920.2008.01842.x,"Robert P. Ryan, Jean Lucey, Karen O_¯_¿_onovan, Yvonne McCarthy, Liang Yang, Tim Tolker-Nielsen, and J. Maxwell Dow",HD-GYP domain proteins regulate biofilm formation and virulence in Pseudomonas aeruginosa
120,8.5,25,0,73,10.1111/j.1462-2920.2012.02741.x,"Laurent Guillon, Maher El Mecherki, Stephan Altenburger, Peter L. Graumann, and Isabelle J. Schalk",High cellular organization of pyoverdine biosynthesis in Pseudomonas aeruginosa: clustering of PvdA at the old cell poleemi_274
121,4.2,9,0,103,10.1111/j.1462-2920.2012.02788.x,"Lei-Chin Chen, Jung-Chi Chen, Jwu-Ching Shu, Chien-Yen Chen, Ssu-Ching Chen, Shu-Hwa Chen, Chun-Yen Lin, Chi-Yu Lu, and Chien-Cheng Chen",Interplay of RsbM and RsbK controls the sB activity of Bacillus cereuse
122,4.7,9,0,49,10.1111/j.1348-0421.2004.tb03525.x,"Isao Hara, Noriyuki Sato, Hideaki Miyake, Mototsugu Muramaki, Satoko Hikosaka, and Sadao Kamidono",Introduction of 65 kDa Antigen of Mycobacterium tuberculosis to Cancer Cells Enhances Anti-Tumor Effect of BCG Therapy
123,3.9,7,0,88,10.1111/j.1348-0421.2005.tb03723.x,"Noritoshi Kitamoto, Takayuki Kobayashi, Yoji Kato, Nobutaka Wakamiya, Kazuyoshi Ikuta, Tomoyuki Tanaka, Shigeharu Ueda, Hiroyuki Miyamoto, and Shiro Kato",Preparation of Monoclonal Antibodies Cross-Reactive with Orthopoxviruses and Their Application for Direct Immunofluorescence Test
124,0.5,References (43),0,83,10.1111/j.1348-0421.2010.00241.x,"Kotla Siva Reddy, Dowlathabad. Muralidhar Rao, Hosur Joyappa Dechamma, Veluvarthy V.S. Suryanarayana, and Golla Ramalinga Reddy",Expression of bovine (Bos indicus) interleukin-18 in Escherichia coli and its biological activity
125,7.1,12,0,88,10.1111/j.1472-765X.2012.03263.x,"H. Liu, D. Gu, L. Sheng, Q. Wang, and Y. Zhang","Investigation of the roles of T6SS genes in motility, biofilm formation and extracellular protease Asp production in Vibrio alginolyticus with modified Gateway-compatible plasmids"
126,31.4,70,0,275,10.1186/1471-2180-10-53,"Sandrine Koechler, Jessica Cleiss-Arnold, Caroline Proux, Odile Sismeiro, Marie-Agne_s Dillies, Florence Goulhen-Chollet, Florence Hommais, Didier Li_¯_¿_remont, Florence Ars_¯_¿_e-Ploetze, Jean-Yves Copp_¯_¿_, Philippe N Bertin Gi",Multiple controls affect arsenite oxidase gene expression in Herminiimonas arsenicoxydans
127,24,43,0,479,10.1186/1471-2180-13-113,"Scarlett R Holdsworth, and Christopher J Law",Multidrug resistance protein MdtM adds to the repertoire of antiporters involved in alkaline pH homeostasis in Escherichia coli
128,58.1,116,0,365,10.1186/gb-2013-14-10-r121,"Daniel C Kraushaar, Wenfei Jin, Alika Maunakea, Brian Abraham, Misook Ha, and Keji Zhao",Genome-wide incorporation dynamics reveal distinct categories of turnover for the histone variant H3.3
129,39.3,85,3,485,10.1186/bcr3128,"Arumugam Nagalingam, Jack L Arbiser, Michael Y Bonner, Neeraj K Saxena, and Dipali Sharma",Honokiol activates AMP-activated protein kinase in breast cancer cells via an LKB1-dependent pathway and inhibits breast carcinogenesis
130,25,52,0,328,10.1186/bcr3201,"Ingunn Holen, Jacob Whitworth, Faith Nutter, Alyson Evans, Hannah K Brown, Diane V Lefley, Ivana Barbaric, __Mark Jones, and Penelope D Ottewell","Loss of plakoglobin promotes decreased cell-cell contact, increased invasion and breast cancer cell dissemination in vivo"
131,25,56,0,711,10.1186/bcr3322,"Meiou Dai, Amal A Al-Odaini, Ani Arakelian, Shafaat A Rabbani, Suhad Ali, and Jean-Jacques Lebrun",A novel function for p21Cip1 and acetyltransferase p/CAF as critical transcriptional regulators of TGFb-mediated breast cancer cell migration and invasion
132,42.5,85,0,279,10.1186/bcr3200,"Yi Fang Lee, Lance David Miller, Xiu Bin Chan, Michael A Black, Brendan Pang, Chee Wee Ong, Manuel Salto-Tellez, Edison T Liu, and Kartiki V Desai",JMJD6 is a driver of cellular proliferation and motility and a marker of poor prognosis in breast cancer
133,46.6,96,0,303,10.1186/bcr3441,"Meiou Dai, Amal A Al-Odaini, Nade_ge Fils-Aim_¯_¿, Manuel A Villatoro, Jimin Guo, Ani Arakelian, Shafaat A Rabbani, Suhad Ali, and Jean Jacques Lebrunn",Cyclin D1 cooperates with p21 to regulate TGFb-mediated breast cancer cell migration and tumor local invasion
134,15.9,39,0,240,10.1186/bcr3692,"Zhaojia Wu, Siqi Shen, Zhiling Zhang, Weiwei Zhang, and Wei Xiao",Ubiquitin-conjugating enzyme complex Uev1A-Ubc13 promotes breast cancer metastasis through nuclear factor-_B mediated matrix metalloproteinase-1 gene regulation
135,14.5,35,0,73,10.1016/S0169-5002(01)00212-4,"Alexandr V. Bazhin, Olga N. Shifrina, Marina S. Savchenko, Natalya K. Tikhomirova, Maria A. Goncharskaia, Vera A. Gorbunova, Ivan I. Senin, Alexandr G. Chuchalin, Pavel P. Philippov",Low titre autoantibodies against recoverin in sera of patients with small cell lung cancer but without a loss of vision
136,15.8,33,0,27,10.1016/S0169-5002(03)00239-3,"Marina S. Savchenko, Alexandr V. Bazhin, Olga N. Shifrina, Sofia A. Demoura, Eugenia A. Kogan, Alexandr G. Chuchalin, Pavel P. Philippov",Antirecoverin autoantibodies in the patient with non-small cell lung cancer but without cancer-associated retinopathy
137,42.7,81,0,168,10.1016/j.lungcan.2006.06.001,"Stephana Carelli, Giorgia Zadra, Valentina Vaira, Monica Falleni, Luca Bottiglieri, Mario Nosotti, Anna Maria Di Giulio, Alfredo Gorio, Silvano Bosari",Up-regulation of focal adhesion kinase in non-small cell lung cancer
138,19.9,40,0,41,10.1016/j.lungcan.2006.06.006,"Katherine M. Finan, Greg Hodge, Ann M. Reynolds, Sandra Hodge, Mark D. Holmes, Andrew H. Baker, Paul N. Reynolds",In vitro susceptibility to the pro-apoptotic effects of TIMP-3 gene delivery translates to greater in vivo efficacy versus gene delivery for TIMPs-1 or -2
139,14.8,31,0,57,10.1016/j.lungcan.2008.05.026,"Kang Fang, Shih-Ping Chen, Chia-Wei Lin, Wan-Chun Cheng, Hwei-Tien Huang",Ellipticine-induced apoptosis depends on Akt translocation and signaling in lung epithelial cancer cells
140,11,29,0,108,10.1016/j.lungcan.2009.06.013,"Shun-Dong Dai, Yan Wang, Gui-Yang Jiang, Peng-Xin Zhang, Xin-Jun Dong, Qiang Wei, Hong-Tao Xu, Qing-Chang Li, Chen Zhao, En-Hua Wang",Kaiso is expressed in lung cancer: Its expression and localization is affected by p120ctn
141,14.8,30,0,47,10.1016/j.lungcan.2009.10.010,"Kazutoshi Komiya, Naoko Sueoka-Aragane, Akemi Sato, Takashi Hisatomi, Toru Sakuragi, Masahiro Mitsuoka, Toshimi Sato, Shinichiro Hayashi, Hiroto Izumi, Makoto Tsuneoka, Eisaburo Sueoka","Expression of Mina53, a novel c-Myc target gene, is a favorable prognostic marker in early stage lung cancer"
142,31.7,64,0,219,10.1016/j.lungcan.2011.01.012,"Hakan Akca, Aydin Demiray, Onur Tokgun, Jun Yokota",Invasiveness and anchorage independent growth ability augmented by PTEN inactivation through the PI3K/AKT/NFkB pathway in lung cancer cells
143,50.8,104,0,40,10.1016/j.lungcan.2011.10.002,"Norimitsu Tanaka, Shinichi Toyooka, Junichi Soh, Takafumi Kubo, Hiromasa Yamamoto, Yuho Maki, Takayuki Muraoka, Kazuhiko Shien, Masashi Furukawa, Tsuyoshi Ueno, Hiroaki Asano, Kazunori Tsukuda, Keisuke Aoe, Shinichiro Miyoshi",Frequent methylation and oncogenic role of microRNA-34b/c in small-cell lung cancer
144,10.9,29,0,102,10.1016/j.jaut.2005.09.016,"Dusanka S. Skundric, Weili Zhou, William W. Cruikshank, Rujuan Dai",Increased levels of bioactive IL-16 correlate with disease activity during relapsing experimental autoimmune encephalomyelitis (EAE)
145,5.3,10,0,48,10.1016/j.jaut.2004.10.003,"Pascale Gerbaud, Lo_¯_¿_ Petzold, Patrice Therond, Wayne B. Anderson, Daniele Evain-Brion, Francoise Raynaud","Differential regulation of Cu, Zn- and Mn-superoxide dismutases by retinoic acid in normal and psoriatic human fibroblasts"
146,15.3,55,0,62,10.1016/j.jaut.2006.05.001,"M. Sisto, S. Lisi, D. Castellana, P. Scagliusi, M. D'Amore, S. Caprio, A. Scagliusi, A. Acquafredda, M.A. Panaro, V. Mitolo",Autoantibodies from Sj_¯_¿_ren's syndrome induce activation of both the intrinsic and extrinsic apoptotic pathways in human salivary gland cell line A-253
147,3.8,16,0,53,10.1016/j.jaut.2007.02.007,"Itshak Golan, Shlomo Nedvetzki, Ira Golan, Lora Eshkar-Sebban, David Levartovsky, Ori Elkayam, Dan Caspi, Suhail Aamar, Howard Amital, Alan Rubinow, David Naor",Expression of extra trinucleotide in CD44 variant of rheumatoid arthritis patients allows generation of disease-specific monoclonal antibody
148,38.8,77,0,87,10.1016/j.jaut.2008.12.003,"Xiaoyan Xiao, Bin Ma, Baojun Dong, Peng Zhao, Ningwen Tai, Li Chen, F. Susan Wong, Li Wen",Cellular and humoral immune responses in the early stages of diabetic nephropathy in NOD mice
149,10.5,17,0,267,10.1016/j.jaut.2014.02.013,"Dana Ben-Ami Shor, Miri Blank, Sandra Reuter, Torsten Matthias, Inbal Beiglass, Alexander Volkov, Iris Barshack, Yehuda Shoenfeld",Anti-ribosomal-P antibodies accelerate lupus glomerulonephritis and induce lupus nephritis in nai_ve mice
150,7.2,15,0,29,10.1016/j.cyto.2003.11.014,"Sawsan I. Kreydiyyeh, Christina Abou-Chahine, Randa Hilal-Dandan ",Interleukin-1 b inhibits NaC-KCATPase activity and protein expression in cardiac myocytes
151,14.3,28,0,50,10.1016/j.cyto.2004.12.015,"Ji-Yong Zhou, Ji-Gang Chen, Jin-Yong Wang, Jian-Xiang Wu, Hui Gong",cDNA cloning and functional analysis of goose interleukin-2
152,16.4,35,0,54,10.1016/j.cyto.2004.11.009,"Sarine Markossian, Sawsan Ibrahim Kreydiyyeh",TNF-a down-regulates the NaCeKC ATPase and the Na+-K+-2Cl- cotransporter in the rat colon via PGE2
153,23.3,48,0,61,10.1016/j.cyto.2006.07.009,"Hwa-Jeong Lee, Jin-Woo Cho, Sang-Cheol Kim, Kyung-Hwa Kang, Sun-Kyung Lee, Sung-Hee Pi, Suk-Keun Lee, Eun-Cheol Kim",Roles of p38 and ERK MAP kinases in IL-8 expression in TNF-a- and dexamethasone-stimulated human periodontal ligament cells
154,0.8,4,0,53,10.1016/j.cyto.2007.01.002,"Maria de Lujan Alvarez, Ariel D. Quiroga, Mar_¯_¿_ Teresa Ronco, Juan Pablo Parody, J. Elena Ochoa, Juan A. Monti, Cristina E. Carnovale, Mar_¯_¿_ Cristina Carrillo ",Time-dependent onset of Interferon-a2b-induced apoptosis in isolated hepatocytes from preneoplastic rat livers
155,20.5,43,0,225,10.1016/j.cyto.2006.12.003,"Marilena Galdiero, Mariateresa Vitiello, Marina D_¯_¿_santo, Katia Raieta, Emilia Galdiero",STAT1 and STAT3 phosphorylation by porins are independent of JAKs but are dependent on MAPK pathway and plays a role in U937 cells production of interleukin-6
156,9.2,19,0,29,10.1016/j.cyto.2005.12.007,"Sawsan Ibrahim Kreydiyyeh, Sarine Markossian ",Tumor necrosis factor alpha down-regulates the Na+-K+ ATPase and the Na+-K+2Cl- cotransporter in the kidney cortex and medulla
157,8.9,23,0,81,10.1016/j.cyto.2007.04.003,"Deok-Ho Song, Ji-Houn Kang, Geun-Shik Lee, Eui-Bae Jeung, Mhan-Pyo Yang ",Upregulation of tumor necrosis factor-alpha expression by trans10-cis12 conjugated linoleic acid enhances phagocytosis of RAW macrophages via a peroxisome proliferator-activated receptor gamma-dependent pathway
158,11.4,30,0,84,10.1016/j.cyto.2008.06.007,"Chung-Hsi Hsing, Hsing-Hui Li, Yu-Hsiang Hsu, Chung-Liang Ho, Shih-Sung Chuang, Kuo-Mao Lan, Ming-Shi Chang",The distribution of interleukin-19 in healthy and neoplastic tissue
159,11.9,33,0,90,10.1016/j.cyto.2008.06.003,"M. Hyzd_¯_¿_lov_¯_¿, J. Hofmanov_¯_¿, J. Pachern_¯_¿_, A. Vaculov_¯_¿, A. Kozub_¯_¿_eSung",The interaction of butyrate with TNF-alpha during differentiation and apoptosis of colon epithelial cells: role of NF-kappaB activation
160,6.8,12,0,93,10.1016/j.cyto.2008.01.001,"Taku Inokuchi, Tuneyoshi Ka, Asako Yamamoto, Yuji Moriwaki, Sumio Takahashi, Zenta Tsutsumi, Daisuke Tamada, Tetsuya Yamamoto",Effects of ethanol on monosodium urate crystal-induced inflammation
161,6.7,14,0,58,10.1016/j.cyto.2008.02.005,"Zhao Huang, Qiong Wen, Shu-Feng Zhou, Xue-Qing Yu",Differential chemokine expression in tubular cells in response to urinary proteins from patients with nephrotic syndrome
162,12.8,32,0,78,10.1016/j.cyto.2009.07.004,"Aramati B.M. Reddy, Satish K. Srivastava, Kota V. Ramana",Anti-inflammatory effect of aldose reductase inhibition in murine polymicrobial sepsis
163,10.8,25,0,83,10.1016/j.cyto.2008.12.021,"Kumiko Goto, Yoshihiko Chiba, Miwa Misawa",IL-13 induces translocation of NF-kappaB in cultured human bronchial smooth muscle cells
164,4,11,0,113,10.1016/j.cyto.2008.12.013,"Surinder Safaya, Elizabeth S. Klings, Adam Odhiambo, Guihua Li, Harrison W. Farber, Martin H. Steinberg",Effect of sodium butyrate on lung vascular TNFSF15 (TL1A) expression: Differential expression patterns in pulmonary artery and microvascular endothelial cells
165,22.9,45,0,75,10.1016/j.cyto.2008.12.015,"Yanping Yang, Ying Xu, Wei Li, Guanjun Wang, Yanqiu Song, Guozi Yang, Xue Han, Zhonghua Du, Luguo Sun, Kewei Ma",STAT3 induces muscle stem cell differentiation by interaction with myoD
166,2.3,4,0,44,10.1016/j.cyto.2009.11.020,"Ari Kassardjian, Zeina Dakroub, Ola El Zein, Sawsan Ibrahim Kreydiyyeh",Signaling pathway underlying the up-regulatory effect of TNF-a on the Na+/K+ ATPase in HepG2 cells
167,18.7,43,0,121,10.1016/j.cyto.2011.06.006,"Hong Yu, Yuhao Sun, Courtney Haycraft, Viswanathan Palanisamy, Keith L. Kirkwood",MKP-1 regulates cytokine mRNA stability through selectively modulation subcellular translocation of AUF1
168,6.8,14,0,51,10.1016/j.cyto.2011.08.017,"Markus Neumeier, Sabrina Bauer, Hilke Bru_hl, Kristina Eisinger, Andrea Kopp, Sabine Abke, Roland Walter, Andreas Sch_¯_¿_fler, Christa Buechler n","Adiponectin stimulates release of CCL2, -3, -4 and -5 while the surface abundance of CCR2 and -5 is simultaneously reduced in primary human monocytes"
169,8.3,16,0,60,10.1016/j.cyto.2011.02.016,"Ping Chen, Liya Huang, Yunwei Sun, Yaozong Yuan",Upregulation of PIAS1 protects against sodium taurocholate-induced severe acute pancreatitis associated with acute lung injury
170,13.8,38,0,49,10.1016/j.cyto.2010.09.007,"Ye Zeng, Hu-Rong Sun, Chang Yu, Yi Lai, Xiao-Jing Liu, Jiang Wu, Huai-Qing Chen, Xiao-Heng Liu",CXCR1 and CXCR2 are novel mechano-sensors mediating laminar shear stress-induced endothelial cell migration
171,56.6,113,0,71,10.1016/j.cyto.2011.06.005,"Yue Wang, Ye Qu, Xiu Long Niu, Wei Jia Sun, Xiao Lei Zhang, Ling Zhi Li",Autocrine production of interleukin-8 confers cisplatin and paclitaxel resistance in ovarian cancer cells
172,8.4,17,0,43,10.1016/j.cyto.2012.04.029,"Hong-Xia Wang, Dong-Mei Zhang, Xiang-Jun Zeng, Jing Mu, Hui Yang, Ling-Qiao Lu, Li-Ke Zhang","Upregulation of cytochrome P450 2J3/11,12-epoxyeicosatrienoic acid inhibits apoptosis in neonatal rat cardiomyocytes by a caspase-dependent pathway"
173,12.6,24,0,65,10.1016/j.cyto.2012.08.025,"Muyao Li, Mickey E. Gunter, Naomi K. Fukagawa",Differential activation of the inflammasome in THP-1 cells exposed to chrysotile asbestos and Libby _¯_¿_½_¯_¿_½six-mix_¯_¿_½_¯_¿_½ amphiboles and subsequent activation of BEAS-2B cells
174,33,66,0,86,10.1016/j.cyto.2012.05.021,"Yong-Duk Park, Young-Suk Kim, Yu-Mi Jung, Sang-Im Lee, Young-Man Lee, Jae-Beum Bang, Eun-Cheol Kim",Porphyromonas gingivalis lipopolysaccharide regulates interleukin (IL)-17 and IL-23 expression via SIRT1 modulation in human periodontal ligament cells
175,21.7,43,0,67,10.1016/j.cyto.2013.04.009,"Christina Galloway, Munmun Chattopadhyay ",Increases in inflammatory mediators in DRG implicate in the pathogenesis of painful neuropathy in Type 2 diabetes
176,24.6,48,0,143,10.1016/j.cyto.2013.04.005,Kyoung Sik Park (only one author),"Aucubin, a naturally occurring iridoid glycoside inhibits TNF-_-induced inflammatory responses through suppression of NF-_B activation in 3T3-L1 adipocytes"
177,24,47,0,62,10.1016/j.cyto.2014.07.249,"Bin-Bin Ni, Bo Li, Yue-Hua Yang, Jiang-Wei Chen, Ke Chen, Sheng-Dan Jiang, Lei-Sheng Jiang ",The effect of transforming growth factor _1 on the crosstalk between autophagy and apoptosis in the annulus fibrosus cells under serum deprivation
178,122.4,275,0,232,10.1126/science.1156725,"Hui Li, Jinglan Wang, Gil Mor, Jeffrey Sklar",A Neoplastic Gene Fusion Mimics Trans-Splicing of RNAs in Normal Human Cells
179,389.3,842,0,338,10.1126/science.1176709,"Nitai C. Hait, Jeremy Allegood, Michael Maceyka, Graham M. Strub, Kuzhuvelil B. Harikumar, Sandeep K. Singh, Cheng Luo, Ronen Marmorstein, Tomasz Kordula, Sheldon Milstien, Sarah Spiegel",Regulation of Histone Acetylation in the Nucleus by Sphingosine-1-Phosphate
180,195.4,397,1,479,10.1126/science.1231897,"Hulya Karatas, Sefik Evren Erdener, Yasemin Gursoy-Ozdemir, Sevda Lule, Emine Eren-Koc_ak, Z_¯_¿_r_¯_¿_ Duygu Sen, Turgay Dalkaraen",Spreading Depression Triggers Headache by Activating Neuronal Panx1 Channels
181,799.1,"1,641",0,62,10.1038/34214,"Hideki Sakahira, Masato Enari, & Shigekazu Nagata",Cleavage of CAD inhibitor in CAD activation and DNA degradation during apoptosis
182,452.8,929,0,163,10.1038/44188,"Timothy A. Chan, Heiko Hermeking, Christoph Lengauer, Kenneth W. Kinzler, & Bert Vogelstein",14-3-3__ is required to prevent mitotic catastrophe after DNA damage
183,209,434,0,103,10.1038/nature07034,"Morgan E. Carlson, Michael Hsu, & Irina M. Conboy",Imbalance between pSmad3 and Notch induces CDK inhibitors in old muscle stem cells
184,317,670,0,234,10.1038/nature07091,"Shidong Jia, Zhenning Liu, Sen Zhang, Pixu Liu, Lei Zhang, Sang Hyun Lee, Jing Zhang, Sabina Signoretti, Massimo Loda, Thomas M. Roberts, & Jean J. Zhao","Essential roles of PI(3)K_¯_¿_110b in cell growth, metabolism and tumorigenesis"
185,83,185,0,413,10.1038/nature08027,"Michael J. Wheeler, Barend H. J. de Graaf, Natalie Hadjiosif, Ruth M. Perry, Natalie S. Poulter, Kim Osman, Sabina Vatovec, Andrea Harper, F. Christopher H. Franklin, & Vernonica E. Franklin-Tong",Identification of the pollen self-incompatibility determinant in Papaver rhoeas
186,200.5,455,0,416,10.1038/nature10539,"Corine Bertolotto, Fabienne Lesueur, Sandy Giuliano, Thomas Strub, Mahaut de Lichy, Karine Bille, Philippe Dessen, and many others",A SUMOylation-defective MITF germline mutation predisposes to melanoma and renal carcinoma
187,286.1,610,0,"2,176",10.1038/nature12878,"Feng Zhou, Qibing Lin, Lihong Zhu, Yulong Ren, Kunneng Zhou, Nitzan Shabek, Fuqing Wu, Haibin Mao, Wei Dong, Lu Gan, Weiwei Ma, He Gao, Jun Chen, Chao Yang, Dan Wang, Junjie Tan, Xin Zhang, Xiuping Guo, Jiulin Wang, Ling Jiang, Xi Liu, Weiqi Chen, Jinfang Chu, Cunyu Yan, Kotomi Ueno, Shinsaku Ito, Tadao Asami, Zhijun Cheng, Jie Wang, Cailin Lei, Huqu Zhai, Chuanyin Wu, Haiyang Wang, Ning Zheng, and Jianmin Wan",D14_¯_¿_CFD3-dependent degradation of D53 regulates strigolactone signalling
188,53,111,0,91,10.1038/onc.2013.184,"S Kale, R Raja, D Thorat, G Soundararajan, TV Patil and GC Kundu",Osteopontin signaling upregulates cyclooxygenase-2 expression in tumor-associated macrophages leading to enhanced angiogenesis and melanoma growth via a9b1 integrin
189,15.5,36,0,166,10.1038/onc.2012.182,"CM Das, P Taylor, M Gireud, A Singh, D Lee, G Fuller, L Ji, J Fangusaro, V Rajaram, S Goldman, C Eberhart, and V Gopalakrishnan",The deubiquitylase USP37 links REST to the control of p27 stability and cell proliferation
190,13.6,31,1,46,10.1038/onc.2013.237,"CC Jiang, A Croft, H-Y Tseng, ST Guo, L Jin, P Hersey, and XD Zhang",Repression of microRNA-768-3p by MEK/ERK signalling contributes to enhanced mRNA translation in human melanoma
191,54,103,0,166,10.1038/onc.2014.404,"Z Zhang, X Liu, B Feng, N Liu, Q Wu, Y Han, Y Nie, K Wu, Y Shi, and D Fan","STIM1, a direct target of microRNA-185, promotes tumor metastasis and is associated with poor prognosis in colorectal cancer"
192,20.2,39,0,231,10.1038/onc.2014.22,"T-I Hsu, S-C Lin, P-S Lu, W-C Chang, C-Y Hung, Y-M Yeh, W-C Su, P-C Liao, and J-J Hung",MMP7-mediated cleavage of nucleolin at Asp255 induces MMP9 expression to promote tumor malignancy
193,71.6,151,0,426,10.1083/jcb.201201133,"Emmanuel Dornier, Franck Coumailleau, Jean-Franc_ois Ottavi, Julien Moretti, Claude Boucheix, Philippe Mauduit, Fran_¯_¿_is Schweisguth, and Eric Rubinstein 1",TspanC8 tetraspanins regulate ADAM10/Kuzbanian trafficking and promote Notch activation in flies and mammals
194,2.2,4,0,119,10.3892/ijo.2012.1714,"HIROFUMI YAMAMOTO, RYOTA OSHIRO, MASAHISA OHTSUKA, MAMORU UEMURA, NAOTSUGU HARAGUCHI, JUNICHI NISHIMURA, ICHIRO TAKEMASA, TSUNEKAZU MIZUSHIMA, YUICHIRO DOKI and MASAKI MORI",Distinct expression of C4.4A in colorectal cancer detected by different antibodies
195,21.4,42,0,58,10.3892/ijo.2012.1617,"BO LI, YUEHUA YANG, SHENGDAN JIANG, BINBIN NI, KE CHEN, and LEISHENG JIANG",Adenovirus-mediated overexpression of BMP-9 inhibits human osteosarcoma cell growth and migration through downregulation of the PI3K/AKT pathway
196,9.8,17,0,97,10.3892/ijo.2012.1470,"EUN YOUNG GIL, UK HYUN JO, HOISEON JEONG, YOUNG MI WHANG, OK HEE WOO, KYU RAN CHO, JAE HONG SEO, AEREE KIM, EUN SOOK LEE, INSONG KOH, YEUL HONG KIM, and KYONG HWA PARK",Promoter methylation of RASSF1A modulates the effect of the microtubule-targeting agent docetaxel in breast cancer
197,11,22,0,248,10.3892/ijo.2012.1343,"YUKI FUJISE, JUN-ICHI OKANO, TAKAKAZU NAGAHARA, RYO ABE, RYU IMAMOTO, and YOSHIKAZU MURAWAKI",Preventive effect of caffeine and curcumin on hepato_ carcinogenesis in diethylnitrosamine_induced rats
198,44.7,87,0,114,10.3892/ijo.2013.1789,"CHIACHEN CHEN, YUAN-CHING CHANG, MICHAEL S. LAN, and MARY BRESLIN",Leptin stimulates ovarian cancer cell growth and inhibits apoptosis by increasing cyclin D1 and Mcl-1 expression via the activation of the MEK/ERK1/2 and PI3K/Akt signaling pathways
199,11.8,23,0,38,10.3892/ijo.2012.1741,"WEI YANG, XIAOYUAN WANG, WEI ZHENG, KEDONG LI, HAOFENG LIU, and YUEMING SUN",Genetic and epigenetic alterations are involved in the regulation of TPM1 in cholangiocarcinoma
200,11.1,23,0,63,10.3892/ijo.2013.1761,"MICHIYO YAMAMURA, KAZUMA NOGUCHI, YOSHIRO NAKANO, EMI SEGAWA, YUSUKE ZUSHI, KAZUKI TAKAOKA, HIROMITSU KISHIMOTO, TOMOKO HASHIMOTO-TAMAOKI, and MASAHIRO URADE",Functional analysis of Zyxin in cell migration and invasive potential of oral squamous cell carcinoma cells
201,15.4,28,0,283,10.3892/ijo.2013.1809,"TONI IBRAHIM, CHIARA LIVERANI, LAURA MERCATALI, EMANUELE SACANNA, MICHELE ZANONI, FRANCESCO FABBRI, WAINER ZOLI, and DINO AMADORI",Cisplatin in combination with zoledronic acid: A synergistic effect in triple-negative breast cancer cell lines
202,20.5,38,0,215,10.3892/ijo.2013.1903,"LI MA, YUEPING LIU, CUIZHI GENG, XIAOWEI QI, and JUN JIANG",Estrogen receptor _ inhibits estradiol-induced proliferation and migration of MCF-7 cells through regulation of mitofusin 2
203,80.9,173,0,122,10.1016/j.ccr.2013.04.019,"Steffen Zender, Irina Nickeleit, Torsten Wuestefeld, Inga So _rensen, Daniel Dauch, Przemyslaw Bozko, Mona El-Khatib, Robert Geffers, Hueseyin Bektas, Michael P. Manns, Achim Gossler, Ludwig Wilkens, Ruben Plentz, Lars Zender, and Nisar P. Malek",A Critical Role for Notch Signaling in the Formation of Cholangiocellular Carcinomas
204,87.6,199,0,119,10.1016/j.ccr.2012.10.003,"Luke Martin McCaffrey, JoAnne Montalbano, Constantina Mihai, and Ian G. Macara",Loss of the Par3 Polarity Protein Promotes Breast Tumorigenesis and Metastasis
205,82.5,179,0,319,10.1016/j.ccr.2013.12.007,"Lu Wang, Zibo Zhao, Mark B. Meyer, Sandeep Saha, Menggang Yu, Ailan Guo, Kari B. Wisinski, Wei Huang, Weibo Cai, J. Wesley Pike, Ming Yuan, Paul Ahlquist, and Wei Xu",CARM1 Methylates Chromatin Remodeling Factor BAF155 to Enhance Tumor Progression and Metastasis
206,44.6,107,0,270,10.1016/j.ccr.2013.02.018,"Corentin Herbert, Ulrich Schieborr, Krishna Saxena, Jarek Juraszek, Frederik De Smet, Chantal Alcouffe, Marc Bianciotto, Giorgio Saladino, David Sibrac, Denis Kudlinzki, Sridhar Sreeramulu, Alan Brown, Patrice Rigon, Jean-Pascal Herault, Gilbert Lassalle,1 Tom L. Blundell, Frederic Rousseau, Ann Gils, Joost Schymkowitz, Peter Tompa, Jean-Marc Herbert, Peter Carmeliet, Francesco Luigi Gervasio, Harald Schwalbe, and Francoise Bono","Molecular Mechanism of SSR128129E, an Extracellularly Acting, Small-Molecule, Allosteric Inhibitor of FGF Receptor Signaling"
207,90.9,196,0,114,10.1016/j.ccell.2014.09.008,"Janice D. Thomas, Yan-Jie Zhang, Yue-Hua Wei, Jun-Hung Cho, Laura E. Morris, Hui-Yun Wang, and X.F. Steven Zheng",Rab1A Is an mTORC1 Activator and a Colorectal Oncogene
208,51.2,107,0,160,10.1073/pnas.1101273108,"King Ching Ho, Zhonghua Zhou, Yi-Min She, Alex Chun, Terry D. Cyr, and Xiaolong Yang",Itch E3 ubiquitin ligase regulates large tumor suppressor 1 stability
209,12.8,25,0,148,10.1073/pnas.1108537109,"Nathalie Delgehyr, Uta Wieland, He_l_¯_¿_e Rangone, Xavier Pinson, Guojie Mao, Nikola S. Dzhindzhev, Doris McLean,5, Maria G. Riparbelli, Salud Llamazares, Giuliano Callaini, Cayetano Gonzalez, and David M. GloverR","Drosophila Mgr, a Prefoldin subunit cooperating with von Hippel Lindau to regulate tubulin stability"
210,12.5,21,0,235,10.1073/pnas.1202214109,"Rajesh K. Grover, Julong Cheng, Yingjie Peng, Teresa M. Jones, Diana I. Ruiz, Richard J. Ulevitch, John I. Glass, Edward A. Dennis, Daniel R. Salomon, and Richard A. Lerner",The costimulatory immunogen LPS induces the B-Cell clones that infiltrate transplanted human kidneys
211,17,35,0,217,10.1073/pnas.1310331110,"Kevin Y. Lee, Yuji Yamamoto, Jeremie Boucher, Jonathon N. Winnay, Stephane Gesta, John Cobb, Matthias Blu_her, and C. Ronald Kahn",Shox2 is a molecular determinant of depot-specific adipocyte function
212,78.9,167,0,401,10.1073/pnas.1211179110,"Shuyu Ren, Bryce G. Johnson, Yujiro Kida, Colin Ip, Kathryn C. Davidson, Shuei-Liong Lin, Akio Kobayashi, Richard A. Lang, Anna-Katerina Hadjantonakis, Randall T. Moon, and Jeremy S. Duffield",LRP-6 is a coreceptor for multiple fibrogenic signaling pathways in pericytes and myofibroblasts that are inhibited by DKK-1
213,151.4,288,0,726,10.1073/pnas.1319190110,"Zhongyuan Wang, Yanping Wu, Haifeng Wang, Yangqing Zhang, Lin Mei, Xuexun Fang, Xudong Zhang, Fang Zhang, Hongbo Chen, Ying Liu, Yuyang Jiang, Shengnan Sun, Yi Zheng, Na Li, and Laiqiang Huang",Interplay of mevalonate and Hippo pathways regulates RHAMM transcription via YAP to modulate breast cancer cell motility
